input_tokens_per_request,output_tokens_per_request,model,policy,case_id,cohort_label,allocated_slots,requests,gpu_experts_gib,ram_experts_gib,ple,aggregate_decode_tok_s,aggregate_effective_tok_s,cohort_seconds,summed_prefill_seconds,min_stream_decode_tok_s,peak_gpu_mib,min_available_ram_gib,peak_process_swap_mib,disk_read_mib,raw_result_sha256
65536,512,coder_iq1_m,mtp,coder_iq1_m-i65536-o512-mtp-c8-screen,n2-r0,8,2,23.42,0,ram,206.3042681216876,27.960171473094494,36.62352360697696,29.711199999999998,102.92085124904818,50497.0,91.11470031738281,0.0,2.31640625,932f446ae5714360311d9a08d3585679e324725d575386b42e0db18c9e701070
65536,512,coder_iq1_m,mtp,coder_iq1_m-i65536-o512-mtp-c8-screen,n4-r0,8,4,23.42,0,ram,229.58963168028137,28.36676199777171,72.19717217498692,59.3636,56.148208893173056,50539.0,90.9312973022461,0.0,0.0,932f446ae5714360311d9a08d3585679e324725d575386b42e0db18c9e701070
65536,512,coder_iq1_m,mtp,coder_iq1_m-i65536-o512-mtp-c8-screen,n8-r0,8,8,23.42,0,ram,226.74234491468047,28.295026995020763,144.76042029296514,118.8214,27.289344166722607,50651.0,90.69779968261719,0.0,0.0,932f446ae5714360311d9a08d3585679e324725d575386b42e0db18c9e701070
65536,512,coder_iq1_m,nomtp,coder_iq1_m-i65536-o512-nomtp-c16-waves,n8-r0,16,8,23.42,0,ram,243.43300480928826,28.7218582509968,142.60915725596715,118.5836,30.36012531635114,64933.0,90.78618621826172,0.0,0.0,0f99570b65bee18bcd1dbdb8468104e96e59034a1a8a474ee2813730ed3650fc
65536,512,coder_iq1_m,nomtp,coder_iq1_m-i65536-o512-nomtp-c16-waves,n12-r0,16,12,23.42,0,ram,243.2345049850396,28.680895773384062,214.2192506309948,178.1855,20.257979308508716,65135.0,90.37471389770508,0.0,0.0,0f99570b65bee18bcd1dbdb8468104e96e59034a1a8a474ee2813730ed3650fc
65536,512,coder_iq1_m,nomtp,coder_iq1_m-i65536-o512-nomtp-c16-waves,n16-r0,16,16,23.42,0,ram,243.51407143118527,28.676498736716816,285.66946318000555,237.7201,15.184722057420526,65185.0,90.16194152832031,0.0,0.0,0f99570b65bee18bcd1dbdb8468104e96e59034a1a8a474ee2813730ed3650fc
65536,512,coder_iq1_m,nomtp,coder_iq1_m-i65536-o512-nomtp-c8-screen,n2-r0,8,2,23.42,0,ram,169.22878472475813,27.305176707635056,37.50204625900369,29.6361,84.61439236237906,49051.0,91.04755020141602,0.0,52.88671875,f820d06e7cd744c189872b5f95120a7caad8edb2e45a896b59f37c1b65b5fa17
65536,512,coder_iq1_m,nomtp,coder_iq1_m-i65536-o512-nomtp-c8-screen,n4-r0,8,4,23.42,0,ram,216.21028789675808,28.356048116078163,72.22445072798291,59.1903,53.961420925329165,49083.0,90.92880630493164,0.0,0.0,f820d06e7cd744c189872b5f95120a7caad8edb2e45a896b59f37c1b65b5fa17
65536,512,coder_iq1_m,nomtp,coder_iq1_m-i65536-o512-nomtp-c8-screen,n8-r0,8,8,23.42,0,ram,243.9591060068441,28.736645929227393,142.53577157499967,118.5794,30.477610693772878,49173.0,90.61775588989258,0.0,0.0,f820d06e7cd744c189872b5f95120a7caad8edb2e45a896b59f37c1b65b5fa17
65536,512,iq3_s,mtp,iq3_s-i65536-o512-mtp-c8-screen,n2-r0,8,2,46.84,0,ram,242.9801995640297,25.715289672578653,39.82066751096863,33.7328,120.53563210695974,74539.0,90.81210327148438,0.0,0.0,8a00fb94110cfcbebda686eece02078c129730cd0b8e9d5958e96520b1d42154
65536,512,iq3_s,mtp,iq3_s-i65536-o512-mtp-c8-screen,n4-r0,8,4,46.84,0,ram,279.97800091259336,26.06002528100523,78.58779789798427,67.5094,68.65236280366904,74571.0,90.7229995727539,0.0,0.0,8a00fb94110cfcbebda686eece02078c129730cd0b8e9d5958e96520b1d42154
65536,512,iq3_s,mtp,iq3_s-i65536-o512-mtp-c8-screen,n8-r0,8,8,46.84,0,ram,280.29681091518114,26.002294121177716,157.52456229098607,135.20929999999998,34.32205847940993,74709.0,90.57291030883789,0.0,0.0,8a00fb94110cfcbebda686eece02078c129730cd0b8e9d5958e96520b1d42154
65536,512,iq3_s,nomtp,iq3_s-i65536-o512-nomtp-c16-waves,n8-r0,16,8,46.84,0,ram,299.47776975033776,26.292977633215,155.78304051898886,135.0076,37.371164816043844,88969.0,90.70578002929688,0.0,0.0,477405ecae5b8b6ce1725d9ffd6ffe08eac1b60be5439de0a38a8f385cda6b35
65536,512,iq3_s,nomtp,iq3_s-i65536-o512-nomtp-c16-waves,n12-r0,16,12,46.84,0,ram,298.3155333568458,26.23952397626513,234.1505892240093,202.9491,24.821847190406242,89167.0,90.34759140014648,0.0,0.0,477405ecae5b8b6ce1725d9ffd6ffe08eac1b60be5439de0a38a8f385cda6b35
65536,512,iq3_s,nomtp,iq3_s-i65536-o512-nomtp-c16-waves,n16-r0,16,16,46.84,0,ram,298.41746131792087,26.252827653012954,312.042577213957,270.5616,18.605646506133805,89193.0,90.15755081176758,0.0,0.0,477405ecae5b8b6ce1725d9ffd6ffe08eac1b60be5439de0a38a8f385cda6b35
65536,512,iq3_s,nomtp,iq3_s-i65536-o512-nomtp-c8-screen,n2-r0,8,2,46.84,0,ram,191.62524542560504,25.099823926978164,40.79709893499967,33.579,95.81262271280252,73095.0,91.24020767211914,204.26171875,76.5078125,9051c1d841adef138f882ab2ce0d606244c8d52538ff31d21681850affab7cc0
65536,512,iq3_s,nomtp,iq3_s-i65536-o512-nomtp-c8-screen,n4-r0,8,4,46.84,0,ram,255.4132015131576,25.95302766661652,78.9117950440268,67.3044,63.74562196281167,73123.0,91.10896682739258,196.75,0.296875,9051c1d841adef138f882ab2ce0d606244c8d52538ff31d21681850affab7cc0
65536,512,iq3_s,nomtp,iq3_s-i65536-o512-nomtp-c8-screen,n8-r0,8,8,46.84,0,ram,299.2084999305247,26.263674431841313,155.95685252000112,135.0363,37.30480582490957,73205.0,90.90861892700195,196.40625,0.46875,9051c1d841adef138f882ab2ce0d606244c8d52538ff31d21681850affab7cc0
65536,512,iq3_xxs,mtp,iq3_xxs-i65536-o512-mtp-c8-screen,n2-r0,8,2,39.97,0,ram,247.37537994247018,26.487395144435048,38.65989820502,32.6246,122.8557099938501,67133.0,91.12837982177734,0.0,3.265625,b5568b0aeea1642454c0cfd93599aa15481d5935ebfdfec8794a51ca7fd572a4
65536,512,iq3_xxs,mtp,iq3_xxs-i65536-o512-mtp-c8-screen,n4-r0,8,4,39.97,0,ram,288.32553016303734,26.836209893341017,76.3148003440001,65.3346,71.0871565746799,67165.0,90.96632766723633,0.0,0.7890625,b5568b0aeea1642454c0cfd93599aa15481d5935ebfdfec8794a51ca7fd572a4
65536,512,iq3_xxs,mtp,iq3_xxs-i65536-o512-mtp-c8-screen,n8-r0,8,8,39.97,0,ram,288.0957207153107,26.781361457011748,152.9421872959938,130.9551,35.214534507274465,67257.0,90.79864501953125,0.0,0.6796875,b5568b0aeea1642454c0cfd93599aa15481d5935ebfdfec8794a51ca7fd572a4
65536,512,iq3_xxs,nomtp,iq3_xxs-i65536-o512-nomtp-c16-waves,n8-r0,16,8,39.97,0,ram,309.436959095741,27.055518635073202,151.39240371796768,130.918,38.60302658026075,81563.0,90.94073486328125,0.0,0.0,737fcc2128e5030683aacd336d3965f0c94e4b0b58d7e36424efad0f9f6af466
65536,512,iq3_xxs,nomtp,iq3_xxs-i65536-o512-nomtp-c16-waves,n12-r0,16,12,39.97,0,ram,308.0659416967577,27.009164002766493,227.47834769601468,196.726,25.628277770784404,81739.0,90.60606384277344,0.0,0.0,737fcc2128e5030683aacd336d3965f0c94e4b0b58d7e36424efad0f9f6af466
65536,512,iq3_xxs,nomtp,iq3_xxs-i65536-o512-nomtp-c16-waves,n16-r0,16,16,39.97,0,ram,307.9787788975334,27.019646374176407,303.1867955100024,262.3135,19.204525346964886,81779.0,90.40452194213867,0.0,0.0,737fcc2128e5030683aacd336d3965f0c94e4b0b58d7e36424efad0f9f6af466
65536,512,iq3_xxs,nomtp,iq3_xxs-i65536-o512-nomtp-c8-screen,n2-r0,8,2,39.97,0,ram,197.78534794770124,25.7813405105446,39.71864843805088,32.6678,98.89267397385062,65689.0,91.46737289428711,216.3046875,9.27734375,85e122cc66327c79ecb0d65ee61be465b4014357ea16361330646a975da297f7
65536,512,iq3_xxs,nomtp,iq3_xxs-i65536-o512-nomtp-c8-screen,n4-r0,8,4,39.97,0,ram,262.584020903431,26.638511208439866,76.88117342500482,65.3956,65.57216270029436,65717.0,91.35250473022461,207.671875,0.33984375,85e122cc66327c79ecb0d65ee61be465b4014357ea16361330646a975da297f7
65536,512,iq3_xxs,nomtp,iq3_xxs-i65536-o512-nomtp-c8-screen,n8-r0,8,8,39.97,0,ram,308.3822661299064,27.002950805560566,151.68712595500983,131.0936,38.51503238835704,65799.0,91.13212585449219,207.296875,0.5859375,85e122cc66327c79ecb0d65ee61be465b4014357ea16361330646a975da297f7
65536,512,q2_0,mtp,q2_0-i65536-o512-mtp-c8-screen,n2-r0,8,2,31.64,0,ram,257.70352096370004,28.198357132638442,36.314172318030614,30.4417,128.4188878262559,57907.0,91.24140930175781,0.0,0.0,2c87f94e09ad363890b08b9bba7b913fba023f420974fdcd610178ae4d46a5f6
65536,512,q2_0,mtp,q2_0-i65536-o512-mtp-c8-screen,n4-r0,8,4,31.64,0,ram,299.13591280621506,28.625535095055973,71.54451412695926,60.870999999999995,74.05374981015434,57953.0,91.1580810546875,0.0,0.0,2c87f94e09ad363890b08b9bba7b913fba023f420974fdcd610178ae4d46a5f6
65536,512,q2_0,mtp,q2_0-i65536-o512-mtp-c8-screen,n8-r0,8,8,31.64,0,ram,298.7555010328101,28.572934780843052,143.3524428420351,121.9504,36.5193237991326,58017.0,91.05246353149414,0.0,0.0,2c87f94e09ad363890b08b9bba7b913fba023f420974fdcd610178ae4d46a5f6
65536,512,q2_0,nomtp,q2_0-i65536-o512-nomtp-c16-waves,n8-r0,16,8,31.64,0,ram,321.54698619714463,28.94330582204865,141.51804307301063,121.6613,40.17060082519569,72337.0,91.15105819702148,0.0,0.0,88ec193190b21690241fd6aea99f01f52ad7519b5de4958005a009bcc6827eaa
65536,512,q2_0,nomtp,q2_0-i65536-o512-nomtp-c16-waves,n12-r0,16,12,31.64,0,ram,320.6076590165646,28.88396700693952,212.7131636220147,182.8926,26.686840488265922,72535.0,90.83006286621094,0.0,0.0,88ec193190b21690241fd6aea99f01f52ad7519b5de4958005a009bcc6827eaa
65536,512,q2_0,nomtp,q2_0-i65536-o512-nomtp-c16-waves,n16-r0,16,16,31.64,0,ram,320.88621656439216,28.89495308489837,283.5097179749864,243.8371,20.04674769575048,72563.0,90.58693313598633,0.0,0.0,88ec193190b21690241fd6aea99f01f52ad7519b5de4958005a009bcc6827eaa
65536,512,q2_0,nomtp,q2_0-i65536-o512-nomtp-c8-screen,n2-r0,8,2,31.64,0,ram,207.01005455657548,27.55758553180451,37.15855290798936,30.429299999999998,103.50502727828774,56463.0,91.37765884399414,0.0,54.23046875,5d8496b671d146d0686cf7d7eb5752028869dc4293093905d4e9d7f9184b3094
65536,512,q2_0,nomtp,q2_0-i65536-o512-nomtp-c8-screen,n4-r0,8,4,31.64,0,ram,273.3735268365751,28.49355300074107,71.87590820796322,60.7929,68.26650501430784,56491.0,91.29339599609375,0.0,0.0,5d8496b671d146d0686cf7d7eb5752028869dc4293093905d4e9d7f9184b3094
65536,512,q2_0,nomtp,q2_0-i65536-o512-nomtp-c8-screen,n8-r0,8,8,31.64,0,ram,320.94164563556114,28.876007789289215,141.8478631079779,121.8793,40.03808451365095,56573.0,91.0881576538086,0.0,0.0,5d8496b671d146d0686cf7d7eb5752028869dc4293093905d4e9d7f9184b3094
65536,512,q8,mtp,q8-i65536-o512-mtp-c8-screen,n2-r0,8,2,67.0,52.53,ram,55.324644789935434,3.761475623626942,272.233586619026,252.05059999999997,27.34869062178214,96551.0,14.100749969482422,1612.87890625,259.7890625,c74e54a252c129b3d490a96a13bce2e1446410c28c954a53942d16a159525288
65536,512,q8,mtp,q8-i65536-o512-mtp-c8-screen,n4-r0,8,4,67.0,52.53,ram,66.32177143486224,3.8099514881657406,537.5396527649718,503.7404,16.494136331400096,96605.0,13.864215850830078,1489.34375,0.19140625,c74e54a252c129b3d490a96a13bce2e1446410c28c954a53942d16a159525288
65536,512,q8,mtp,q8-i65536-o512-mtp-c8-screen,n8-r0,8,8,67.0,52.53,ram,68.35039014194605,3.817092451651804,1073.0680621129577,1007.6901,8.372721525044039,96741.0,13.67770004272461,1488.72265625,52.89453125,c74e54a252c129b3d490a96a13bce2e1446410c28c954a53942d16a159525288
65536,512,q8,nomtp,q8-i65536-o512-nomtp-c8-screen,n2-r0,8,2,67.0,52.53,ram,45.60467077425992,3.7139211816499786,275.7193677290343,252.04720000000003,22.80233538712996,95105.0,13.873165130615234,1613.671875,200.30859375,e83a553333fd6bb8bf496b57e14da05ff5b1ccace219dd8aeb509a7eec487b96
65536,512,q8,nomtp,q8-i65536-o512-nomtp-c8-screen,n4-r0,8,4,67.0,52.53,ram,54.22082680718377,3.7694148234470513,543.3204080539872,503.7247,13.539959000219119,95151.0,13.690437316894531,1490.66015625,1.578125,e83a553333fd6bb8bf496b57e14da05ff5b1ccace219dd8aeb509a7eec487b96
65536,512,q8,nomtp,q8-i65536-o512-nomtp-c8-screen,n8-r0,8,8,67.0,52.53,ram,67.93949819688419,3.820383412835321,1072.1436979960417,1007.477,8.468379378648454,95257.0,13.501018524169922,1490.375,6.53515625,e83a553333fd6bb8bf496b57e14da05ff5b1ccace219dd8aeb509a7eec487b96
65536,512,unsloth_iq1,mtp,unsloth_iq1-i65536-o512-mtp-c8-screen,n2-r0,8,2,38.96,0,ram,247.9592300020926,21.845552695751994,46.87452930404106,40.801500000000004,123.00558884503359,66173.0,91.03842544555664,0.0,0.0,1c351711448b8c8a2c8d6ad5117f8926e513aa1f6af106d2e1607ac61c766650
65536,512,unsloth_iq1,mtp,unsloth_iq1-i65536-o512-mtp-c8-screen,n4-r0,8,4,38.96,0,ram,286.8453721024829,22.086550906653635,92.72611231403425,81.6531,71.3052765305719,66205.0,90.9776611328125,0.0,0.0,1c351711448b8c8a2c8d6ad5117f8926e513aa1f6af106d2e1607ac61c766650
65536,512,unsloth_iq1,mtp,unsloth_iq1-i65536-o512-mtp-c8-screen,n8-r0,8,8,38.96,0,ram,287.949764853003,22.070431326838648,185.5876733600162,163.4998,35.09940132817955,66283.0,90.75286102294922,0.0,0.0,1c351711448b8c8a2c8d6ad5117f8926e513aa1f6af106d2e1607ac61c766650
65536,512,unsloth_iq1,nomtp,unsloth_iq1-i65536-o512-nomtp-c16-waves,n8-r0,16,8,38.96,0,ram,308.9645320669162,22.319039905991414,183.52043892804068,163.149,38.55499678593946,80605.0,90.93212509155273,0.0,0.0,80e9c6119820411c4d04e92a3e191ea385abb15c7944264f849a6ed63e732bb9
65536,512,unsloth_iq1,nomtp,unsloth_iq1-i65536-o512-nomtp-c16-waves,n12-r0,16,12,38.96,0,ram,308.2496278874211,22.276571238659105,275.80546100100037,245.1365,25.663055885704324,80781.0,90.58391571044922,0.0,0.0,80e9c6119820411c4d04e92a3e191ea385abb15c7944264f849a6ed63e732bb9
65536,512,unsloth_iq1,nomtp,unsloth_iq1-i65536-o512-nomtp-c16-waves,n16-r0,16,16,38.96,0,ram,308.4478622809284,22.279930170802018,367.6851739300182,326.8606,19.23929166793861,80821.0,90.39035034179688,0.0,0.0,80e9c6119820411c4d04e92a3e191ea385abb15c7944264f849a6ed63e732bb9
65536,512,unsloth_iq1,nomtp,unsloth_iq1-i65536-o512-nomtp-c8-screen,n2-r0,8,2,38.96,0,ram,197.72913060965047,21.47618165222528,47.68072912504431,40.6913,98.86456530482523,64729.0,91.13002014160156,0.0,0.0,70509ec53eb039268f446f16f48799b4750cf1698e341378e56b330d85eade33
65536,512,unsloth_iq1,nomtp,unsloth_iq1-i65536-o512-nomtp-c8-screen,n4-r0,8,4,38.96,0,ram,263.70681317919934,22.04569751692881,92.89794520800933,81.5546,65.81451945482003,64757.0,91.02218246459961,0.0,0.0,70509ec53eb039268f446f16f48799b4750cf1698e341378e56b330d85eade33
65536,512,unsloth_iq1,nomtp,unsloth_iq1-i65536-o512-nomtp-c8-screen,n8-r0,8,8,38.96,0,ram,308.2199135892524,22.280054454890276,183.84156144200824,163.432,38.46192909224931,64839.0,90.85990905761719,0.0,0.0,70509ec53eb039268f446f16f48799b4750cf1698e341378e56b330d85eade33
65536,512,unsloth_q4,mtp,unsloth_q4-i65536-o512-mtp-c8-screen,n2-r0,8,2,67.25,4.48,ram,196.89078372513913,17.920725594672504,57.14054347801721,50.034,97.22177682246982,96413.0,85.3947639465332,0.0,9.140625,6b777e7e96fb7add20a876011cb38002e1682e92c29f423c5d04a32aa27ed862
65536,512,unsloth_q4,mtp,unsloth_q4-i65536-o512-mtp-c8-screen,n4-r0,8,4,67.25,4.48,ram,238.5198372095293,18.18520767544108,112.61900532298023,100.2363,57.76003026502539,96467.0,85.2740707397461,0.0,0.0,6b777e7e96fb7add20a876011cb38002e1682e92c29f423c5d04a32aa27ed862
65536,512,unsloth_q4,mtp,unsloth_q4-i65536-o512-mtp-c8-screen,n8-r0,8,8,67.25,4.48,ram,237.64503942602462,18.14282745091325,225.76414900500095,200.8326,29.274071139949157,96553.0,85.02965545654297,0.0,0.0,6b777e7e96fb7add20a876011cb38002e1682e92c29f423c5d04a32aa27ed862
65536,512,unsloth_q4,nomtp,unsloth_q4-i65536-o512-nomtp-c16-waves,n8-r0,16,8,51.5,20.23,ram,150.53347519884622,9.52185860665395,430.1681183479959,396.6332,18.774016181262,94749.0,70.58650207519531,1294.65234375,191.6796875,4e41cb1cf51305f4fe3f638d412cf01b8cd6dd4d4883b5141dbc3161943b72d8
65536,512,unsloth_q4,nomtp,unsloth_q4-i65536-o512-nomtp-c16-waves,n12-r0,16,12,51.5,20.23,ram,152.28496153575685,9.538850913452055,644.1027389719966,594.5862999999999,12.685586373651864,95005.0,70.21815490722656,1170.7578125,0.0390625,4e41cb1cf51305f4fe3f638d412cf01b8cd6dd4d4883b5141dbc3161943b72d8
65536,512,unsloth_q4,nomtp,unsloth_q4-i65536-o512-nomtp-c16-waves,n16-r0,16,16,51.5,20.23,ram,148.66233162013611,9.525659138318288,859.9929811729817,792.7949,9.288732672166715,95027.0,69.92919921875,1170.703125,0.0,4e41cb1cf51305f4fe3f638d412cf01b8cd6dd4d4883b5141dbc3161943b72d8
65536,512,unsloth_q4,nomtp,unsloth_q4-i65536-o512-nomtp-c8-screen,n2-r0,8,2,67.25,4.48,ram,149.94545462442647,17.446608333796913,58.69335634802701,50.135999999999996,74.97272731221324,94967.0,85.40555953979492,0.0,1.3359375,f3783505434661fcd060a293bed1b899fe1be9ed13ee7ca1ee14cfb926747a70
65536,512,unsloth_q4,nomtp,unsloth_q4-i65536-o512-nomtp-c8-screen,n4-r0,8,4,67.25,4.48,ram,202.63796651826266,18.00961940525768,113.71700611297274,100.1626,50.574062469987986,95007.0,85.24836349487305,0.0,0.0,f3783505434661fcd060a293bed1b899fe1be9ed13ee7ca1ee14cfb926747a70
65536,512,unsloth_q4,nomtp,unsloth_q4-i65536-o512-nomtp-c8-screen,n8-r0,8,8,67.25,4.48,ram,248.4727657153661,18.28128180825265,224.05431101395516,200.6166,31.023921200587896,95115.0,84.99026489257812,0.0,0.0,f3783505434661fcd060a293bed1b899fe1be9ed13ee7ca1ee14cfb926747a70
131072,512,coder_iq1_m,mtp,coder_iq1_m-i131072-o512-mtp-c8-screen,n2-r0,8,2,23.42,0,ram,201.23121465893723,14.8525132208526,68.94456074695336,60.1707,99.47742172619408,66555.0,90.80697631835938,0.0,0.0,25dacf4995309366fa997bb34ab807210e62c06282c3434c1824f0c91ef85e48
131072,512,coder_iq1_m,mtp,coder_iq1_m-i131072-o512-mtp-c8-screen,n4-r0,8,4,23.42,0,ram,222.32525782801451,14.930244873361644,137.17122641799506,120.6636,54.2947099556841,66597.0,90.6554183959961,0.0,0.0,25dacf4995309366fa997bb34ab807210e62c06282c3434c1824f0c91ef85e48
131072,512,coder_iq1_m,mtp,coder_iq1_m-i131072-o512-mtp-c8-screen,n8-r0,8,8,23.42,0,ram,222.77148856343143,14.918031711586735,274.56705275794957,241.5603,27.022194492023896,66697.0,90.43251037597656,0.0,0.0,25dacf4995309366fa997bb34ab807210e62c06282c3434c1824f0c91ef85e48
131072,512,coder_iq1_m,nomtp,coder_iq1_m-i131072-o512-nomtp-c16-waves,n8-r0,16,8,23.42,0,ram,238.9079942695795,15.048832471992663,272.1805832859827,241.4558,29.829602008687562,93087.0,90.58882904052734,0.0,0.0,5cb1733c0b79b834c0852b9176af77750f2ad2e184eed7e621a4f6ccb84bfe28
131072,512,coder_iq1_m,nomtp,coder_iq1_m-i131072-o512-nomtp-c16-waves,n12-r0,16,12,23.42,0,ram,238.7581114222698,15.036743160438952,408.59911846899195,362.5843,19.873770417434645,93289.0,90.18479919433594,0.0,0.0,5cb1733c0b79b834c0852b9176af77750f2ad2e184eed7e621a4f6ccb84bfe28
131072,512,coder_iq1_m,nomtp,coder_iq1_m-i131072-o512-nomtp-c16-waves,n16-r0,16,16,23.42,0,ram,238.42869372001417,15.038932070029851,544.7195294089615,483.4102,14.876085835895076,93369.0,89.93315124511719,0.0,0.0,5cb1733c0b79b834c0852b9176af77750f2ad2e184eed7e621a4f6ccb84bfe28
131072,512,coder_iq1_m,nomtp,coder_iq1_m-i131072-o512-nomtp-c8-screen,n2-r0,8,2,23.42,0,ram,166.5443516075337,14.682752716242403,69.74169079802232,60.2357,83.27217580376686,64021.0,90.79282760620117,0.0,0.0,dd9fe0f8c3c0fc3fb0c1209e51b1fd4b899ac82cfa3d7d7df2b80e549e71b735
131072,512,coder_iq1_m,nomtp,coder_iq1_m-i131072-o512-nomtp-c8-screen,n4-r0,8,4,23.42,0,ram,211.85422980369995,14.927746578802346,137.19418327399762,120.78750000000001,52.96355745092499,64053.0,90.72555160522461,0.0,0.0,dd9fe0f8c3c0fc3fb0c1209e51b1fd4b899ac82cfa3d7d7df2b80e549e71b735
131072,512,coder_iq1_m,nomtp,coder_iq1_m-i131072-o512-nomtp-c8-screen,n8-r0,8,8,23.42,0,ram,238.5770052313114,15.03167379932813,272.4912777300342,241.82150000000001,29.788352012176762,64143.0,90.49500274658203,0.0,0.0,dd9fe0f8c3c0fc3fb0c1209e51b1fd4b899ac82cfa3d7d7df2b80e549e71b735
131072,512,iq3_s,mtp,iq3_s-i131072-o512-mtp-c8-screen,n2-r0,8,2,46.84,0,ram,239.1386603556843,13.429340617572553,76.25095149199478,68.3518,118.22282871187547,90597.0,90.5948371887207,0.0,0.0,f4c7a537dd539ad6784ae827fee5800bc603a5330b51a911b8b8779e42d8b5e9
131072,512,iq3_s,mtp,iq3_s-i131072-o512-mtp-c8-screen,n4-r0,8,4,46.84,0,ram,275.20134001185664,13.461336404990822,152.13942645699717,137.40460000000002,67.88828445249258,90629.0,90.55409240722656,0.0,0.0,f4c7a537dd539ad6784ae827fee5800bc603a5330b51a911b8b8779e42d8b5e9
131072,512,iq3_s,mtp,iq3_s-i131072-o512-mtp-c8-screen,n8-r0,8,8,46.84,0,ram,275.2075249481892,13.440890481827678,304.7417137679877,275.1863,33.90121748344922,90747.0,90.35086059570312,0.0,0.0,f4c7a537dd539ad6784ae827fee5800bc603a5330b51a911b8b8779e42d8b5e9
131072,512,iq3_s,nomtp,iq3_s-i131072-o512-nomtp-c16-waves,n8-r0,16,8,25.0,21.84,ram,120.4829490916561,4.535690137773663,903.0599259610171,856.8006,15.051835849694147,94815.0,68.25455474853516,0.0,0.0,2cb697817ff89fe6bd96cfffd02e4c3d66c65a3411dcee561fae58f8040732a8
131072,512,iq3_s,nomtp,iq3_s-i131072-o512-nomtp-c16-waves,n12-r0,16,12,25.0,21.84,ram,117.83381508401574,4.533358415501359,1355.286619074992,1285.0297,9.812017301672793,95071.0,67.83330154418945,0.0,0.0,2cb697817ff89fe6bd96cfffd02e4c3d66c65a3411dcee561fae58f8040732a8
131072,512,iq3_s,nomtp,iq3_s-i131072-o512-nomtp-c16-waves,n16-r0,16,16,25.0,21.84,ram,117.76555230582136,4.533141413393706,1807.1353291110136,1713.415,7.3582277138966985,95091.0,67.62222290039062,0.0,0.0,2cb697817ff89fe6bd96cfffd02e4c3d66c65a3411dcee561fae58f8040732a8
131072,512,iq3_s,nomtp,iq3_s-i131072-o512-nomtp-c8-screen,n2-r0,8,2,46.84,0,ram,187.8294519928958,13.2797856506668,77.10967834398616,68.1997,93.9147259964479,88065.0,90.60639953613281,0.0,50.69921875,cf0bccb99080a652baeabb146f4538f6c468faa6eeb7463a7ed60546c1f21103
131072,512,iq3_s,nomtp,iq3_s-i131072-o512-nomtp-c8-screen,n4-r0,8,4,46.84,0,ram,248.29271929355235,13.43732473372282,152.41129023698159,137.231,62.00335622403669,88093.0,90.55805587768555,0.0,0.0,cf0bccb99080a652baeabb146f4538f6c468faa6eeb7463a7ed60546c1f21103
131072,512,iq3_s,nomtp,iq3_s-i131072-o512-nomtp-c8-screen,n8-r0,8,8,46.84,0,ram,290.6197043262134,13.532910092275598,302.6695642009727,274.9776,36.3171690586172,88175.0,90.40137481689453,0.0,0.0,cf0bccb99080a652baeabb146f4538f6c468faa6eeb7463a7ed60546c1f21103
131072,512,iq3_xxs,mtp,iq3_xxs-i131072-o512-mtp-c8-screen,n2-r0,8,2,39.97,0,ram,242.77942103114768,13.795675751436848,74.22615741699701,66.2628,121.38971051557384,83189.0,90.79719543457031,0.0,2.26953125,e7b879f44db60020be85842b39174b274b1d4a31bab76abb252b327b5544cd3a
131072,512,iq3_xxs,mtp,iq3_xxs-i131072-o512-mtp-c8-screen,n4-r0,8,4,39.97,0,ram,281.51260599675237,13.868599495948985,147.67172421398573,132.8752,70.25729605872012,83225.0,90.75028991699219,0.0,0.0,e7b879f44db60020be85842b39174b274b1d4a31bab76abb252b327b5544cd3a
131072,512,iq3_xxs,mtp,iq3_xxs-i131072-o512-mtp-c8-screen,n8-r0,8,8,39.97,0,ram,281.0056492368703,13.852498185777614,295.68673787702573,266.0115,34.149992094758545,83309.0,90.54099655151367,0.0,0.0,e7b879f44db60020be85842b39174b274b1d4a31bab76abb252b327b5544cd3a
131072,512,iq3_xxs,nomtp,iq3_xxs-i131072-o512-nomtp-c16-waves,n8-r0,16,8,25.25,14.72,ram,164.46919029617206,6.522467972180427,627.9831526149646,590.1476,20.506218115702946,94689.0,75.72600936889648,0.0,0.0,9506bb7a91d52b18bd03b1acb117437fe28710f26a2ad628281852a9b5032daf
131072,512,iq3_xxs,nomtp,iq3_xxs-i131072-o512-nomtp-c16-waves,n12-r0,16,12,25.25,14.72,ram,164.28482875531674,6.526525208270728,941.3891472010291,884.9822,13.687792214694644,94901.0,75.29128646850586,0.0,0.0,9506bb7a91d52b18bd03b1acb117437fe28710f26a2ad628281852a9b5032daf
131072,512,iq3_xxs,nomtp,iq3_xxs-i131072-o512-nomtp-c16-waves,n16-r0,16,16,25.25,14.72,ram,163.48894934489647,6.5250218767465755,1255.4747179000406,1180.0979,10.2136568957389,94963.0,74.9902458190918,0.0,0.0,9506bb7a91d52b18bd03b1acb117437fe28710f26a2ad628281852a9b5032daf
131072,512,iq3_xxs,nomtp,iq3_xxs-i131072-o512-nomtp-c8-screen,n2-r0,8,2,39.97,0,ram,194.18369215350563,13.673929095580723,74.88703450502362,66.1507,97.09184607675282,80657.0,90.83772277832031,0.0,0.0,fd716aae540d0124e22da8f7d0db7ee68b2e84fa997365fe0b1697787b9006af
131072,512,iq3_xxs,nomtp,iq3_xxs-i131072-o512-nomtp-c8-screen,n4-r0,8,4,39.97,0,ram,256.6816058803446,13.881462383424859,147.5348881430109,132.63909999999998,64.17040147008615,80685.0,90.74493026733398,0.0,0.0,fd716aae540d0124e22da8f7d0db7ee68b2e84fa997365fe0b1697787b9006af
131072,512,iq3_xxs,nomtp,iq3_xxs-i131072-o512-nomtp-c8-screen,n8-r0,8,8,39.97,0,ram,298.76754215775645,13.977190138068108,293.04888604499865,265.4661,37.314212996763125,80767.0,90.55975341796875,0.0,0.0,fd716aae540d0124e22da8f7d0db7ee68b2e84fa997365fe0b1697787b9006af
131072,512,q2_0,mtp,q2_0-i131072-o512-mtp-c8-screen,n2-r0,8,2,31.64,0,ram,254.28059586654277,14.718469127064637,69.572452893015,61.8352,126.71221612204825,73963.0,91.1183090209961,0.0,0.0,cfe219e7517c0c3edc6e7ee28a93e463aefc1aa78f50f6f423c61fc561a7f551
131072,512,q2_0,mtp,q2_0-i131072-o512-mtp-c8-screen,n4-r0,8,4,31.64,0,ram,291.89744128325674,14.793716599109455,138.43715244100895,123.9976,72.00920201869876,73995.0,91.01893997192383,0.0,0.0,cfe219e7517c0c3edc6e7ee28a93e463aefc1aa78f50f6f423c61fc561a7f551
131072,512,q2_0,mtp,q2_0-i131072-o512-mtp-c8-screen,n8-r0,8,8,31.64,0,ram,290.57022924262344,14.773215308796008,277.25853271503,248.1876,35.595706696290826,74127.0,90.80613327026367,0.0,0.0,cfe219e7517c0c3edc6e7ee28a93e463aefc1aa78f50f6f423c61fc561a7f551
131072,512,q2_0,nomtp,q2_0-i131072-o512-nomtp-c16-waves,n8-r0,16,8,26.0,5.64,ram,242.13327361409048,13.24370870000163,309.2789257739787,278.2929,30.240944113229652,94763.0,85.21370697021484,0.0,0.0,bad74a7b9b0c214adef237fa48d509f885bbe845d37066e6508a5af6c3bb1558
131072,512,q2_0,nomtp,q2_0-i131072-o512-nomtp-c16-waves,n12-r0,16,12,26.0,5.64,ram,240.63773994507696,13.25142041651967,463.64840951998485,417.7508,20.041705665705212,94951.0,84.75448608398438,0.0,0.0,bad74a7b9b0c214adef237fa48d509f885bbe845d37066e6508a5af6c3bb1558
131072,512,q2_0,nomtp,q2_0-i131072-o512-nomtp-c16-waves,n16-r0,16,16,26.0,5.64,ram,238.45857464754337,13.21638124470792,619.8368409870309,556.8719,14.899369622377458,95013.0,84.55130767822266,0.0,0.0,bad74a7b9b0c214adef237fa48d509f885bbe845d37066e6508a5af6c3bb1558
131072,512,q2_0,nomtp,q2_0-i131072-o512-nomtp-c8-screen,n2-r0,8,2,31.64,0,ram,202.95593109253664,14.598615376392205,70.1436385299894,61.668400000000005,101.47796554626832,71431.0,91.11771774291992,0.0,1.8125,e99c2eb4d8c9f7a8651f67fe92198ef5b2d8c0143af35c1abd6be58b62eed789
131072,512,q2_0,nomtp,q2_0-i131072-o512-nomtp-c8-screen,n4-r0,8,4,31.64,0,ram,266.0272705124122,14.792018834697172,138.45304166298592,123.9125,66.43183812683122,71459.0,91.03761672973633,0.0,0.0,e99c2eb4d8c9f7a8651f67fe92198ef5b2d8c0143af35c1abd6be58b62eed789
131072,512,q2_0,nomtp,q2_0-i131072-o512-nomtp-c8-screen,n8-r0,8,8,31.64,0,ram,311.34338101843076,14.890080603178292,275.0824598710169,248.2052,38.873847969741774,71541.0,90.81693267822266,0.0,0.0,e99c2eb4d8c9f7a8651f67fe92198ef5b2d8c0143af35c1abd6be58b62eed789
131072,512,q8,mtp,q8-i131072-o512-mtp-c8-screen-retry2,n2-r0,8,2,40.0,79.53,mmap,29.31486862514325,1.2737702480026094,803.9126377819921,765.2212,14.624643631782876,85015.0,36.936767578125,1613.73828125,20010.05859375,344f917720733dddff5e598c045e788e2642b4e1b8ccc987bcaf9ebc9ddd358c
131072,512,q8,mtp,q8-i131072-o512-mtp-c8-screen-retry2,n4-r0,8,4,40.0,79.53,mmap,38.6682370401385,1.2896363448849808,1588.0445740559953,1528.5897,9.481262547407285,85069.0,36.70610046386719,1490.10546875,11600.5234375,344f917720733dddff5e598c045e788e2642b4e1b8ccc987bcaf9ebc9ddd358c
131072,512,q8,nomtp,q8-i131072-o512-nomtp-c8-screen,n2-r0,8,2,52.5,67.03,mmap,30.145618380997476,1.4998620135736334,682.7294715999742,645.4274,15.055968062911589,95257.0,49.67396926879883,1612.66015625,18946.171875,61c0f4ed2827b47f9312a249ef49dd7d28cd5369a46c0f89661a1ee50e8c8e1f
131072,512,q8,nomtp,q8-i131072-o512-nomtp-c8-screen,n4-r0,8,4,52.5,67.03,mmap,39.79127196459986,1.5223137025755176,1345.320610683004,1288.5947999999999,9.936628094646984,95297.0,49.36301040649414,1489.5234375,10025.875,61c0f4ed2827b47f9312a249ef49dd7d28cd5369a46c0f89661a1ee50e8c8e1f
131072,512,q8,nomtp,q8-i131072-o512-nomtp-c8-screen,n8-r0,8,8,52.5,67.03,mmap,48.39227377812204,1.5327408616024725,2672.336924401985,2576.8536,6.045599222706899,95429.0,49.16823196411133,2441.86328125,10011.08984375,61c0f4ed2827b47f9312a249ef49dd7d28cd5369a46c0f89661a1ee50e8c8e1f
131072,512,unsloth_iq1,mtp,unsloth_iq1-i131072-o512-mtp-c8-screen,n2-r0,8,2,38.96,0,ram,247.36189986289833,11.181033161731637,91.58366540801944,83.79499999999999,122.56921105566086,82233.0,90.90070343017578,0.0,0.0,26519220a8a1ab01f76dff2957faa21f50f1f551a1adffb288c3660df9d6ec16
131072,512,unsloth_iq1,mtp,unsloth_iq1-i131072-o512-mtp-c8-screen,n4-r0,8,4,38.96,0,ram,284.1345995500759,11.20986329370612,182.69625117996475,168.1827,70.18075872248873,82265.0,90.79618453979492,0.0,0.0,26519220a8a1ab01f76dff2957faa21f50f1f551a1adffb288c3660df9d6ec16
131072,512,unsloth_iq1,mtp,unsloth_iq1-i131072-o512-mtp-c8-screen,n8-r0,8,8,38.96,0,ram,282.56939365169126,11.200278707583625,365.7051852849545,336.5676,34.375438459373385,82427.0,90.58031463623047,0.0,0.0,26519220a8a1ab01f76dff2957faa21f50f1f551a1adffb288c3660df9d6ec16
131072,512,unsloth_iq1,nomtp,unsloth_iq1-i131072-o512-nomtp-c16-waves,n8-r0,16,8,25.25,13.72,ram,168.9869518733924,6.892294954427242,594.2868126049871,557.1965,21.099446708993785,94753.0,76.26602554321289,0.0,0.0,f0ed4513bdcc3b2584a0d1f106dbb1d4d017b734a07b7befa09b3cbef8872f87
131072,512,unsloth_iq1,nomtp,unsloth_iq1-i131072-o512-nomtp-c16-waves,n12-r0,16,12,25.25,13.72,ram,168.36317920215035,6.892678916636057,891.3805610719719,835.6118,14.022261359677097,94977.0,76.34054565429688,0.0,0.0,f0ed4513bdcc3b2584a0d1f106dbb1d4d017b734a07b7befa09b3cbef8872f87
131072,512,unsloth_iq1,nomtp,unsloth_iq1-i131072-o512-nomtp-c16-waves,n16-r0,16,16,25.25,13.72,ram,170.60443756304542,6.897752792997011,1187.6331677639973,1114.0896,10.658183303163113,95029.0,76.10803985595703,0.0,0.0,f0ed4513bdcc3b2584a0d1f106dbb1d4d017b734a07b7befa09b3cbef8872f87
131072,512,unsloth_iq1,nomtp,unsloth_iq1-i131072-o512-nomtp-c8-screen,n2-r0,8,2,38.96,0,ram,194.30293319765073,11.062914099878572,92.56150691898074,83.8635,97.15146659882537,79701.0,90.99067687988281,0.0,5.6796875,b3cbd1089d44c3e48962ea1c0b6c3b6ba989c9aca0dcbc3323298eff2644f09f
131072,512,unsloth_iq1,nomtp,unsloth_iq1-i131072-o512-nomtp-c8-screen,n4-r0,8,4,38.96,0,ram,257.9665071016652,11.186795083747572,183.0729878100101,168.27030000000002,64.38262684283812,79729.0,90.84519577026367,0.0,0.0,b3cbd1089d44c3e48962ea1c0b6c3b6ba989c9aca0dcbc3323298eff2644f09f
131072,512,unsloth_iq1,nomtp,unsloth_iq1-i131072-o512-nomtp-c8-screen,n8-r0,8,8,38.96,0,ram,299.39545803562714,11.25308681832168,363.98901618097443,336.6771,37.37122720433333,79811.0,90.68600082397461,0.0,0.0,b3cbd1089d44c3e48962ea1c0b6c3b6ba989c9aca0dcbc3323298eff2644f09f
131072,512,unsloth_q4,mtp,unsloth_q4-i131072-o512-mtp-c8-screen,n2-r0,8,2,51.92,19.81,ram,131.4852647205406,4.96783263830978,206.12610660499195,194.7645,65.44715985528033,96805.0,69.65145492553711,0.0,19.55859375,d190ee9db5ade5f5f0ba1043c6f1accf15362c5d03219604c6f6498fe62b88b2
131072,512,unsloth_q4,mtp,unsloth_q4-i131072-o512-mtp-c8-screen,n4-r0,8,4,51.92,19.81,ram,152.03287778678612,4.999545091953128,409.637269458035,389.2048,37.33067211900959,96847.0,69.56484985351562,0.0,0.0,d190ee9db5ade5f5f0ba1043c6f1accf15362c5d03219604c6f6498fe62b88b2
131072,512,unsloth_q4,mtp,unsloth_q4-i131072-o512-mtp-c8-screen,n8-r0,8,8,51.92,19.81,ram,152.2314088998481,4.999125529394661,819.3432983260136,778.3805,16.90945351443839,97023.0,69.32671737670898,0.0,0.0,d190ee9db5ade5f5f0ba1043c6f1accf15362c5d03219604c6f6498fe62b88b2
131072,512,unsloth_q4,nomtp,unsloth_q4-i131072-o512-nomtp-c16-waves,n8-r0,16,8,24.0,47.73,ram,63.108007545794614,2.122675232898054,1929.6404539510258,1852.0252,7.886265607167873,94849.0,42.3975830078125,1257.43359375,189.80859375,9bcbf9f2351c88061b6f5cfe4c9d262c333238af8ef24b0feab0ee8ce3af7607
131072,512,unsloth_q4,nomtp,unsloth_q4-i131072-o512-nomtp-c16-waves,n12-r0,16,12,24.0,47.73,ram,64.20935438648424,2.124841001310849,2891.5104688819847,2777.7245,5.34874424139979,95055.0,41.93724822998047,1134.43359375,0.02734375,9bcbf9f2351c88061b6f5cfe4c9d262c333238af8ef24b0feab0ee8ce3af7607
131072,512,unsloth_q4,nomtp,unsloth_q4-i131072-o512-nomtp-c8-screen,n2-r0,8,2,52.75,18.98,ram,100.7079783833811,5.113505444169083,200.2540157980402,186.83570000000003,50.35398919169055,95113.0,71.8766098022461,1293.88671875,175.01953125,352d807dc44f99c08a11bbec5a606b59ec74d27906ab33c536c203370d152109
131072,512,unsloth_q4,nomtp,unsloth_q4-i131072-o512-nomtp-c8-screen,n4-r0,8,4,52.75,18.98,ram,129.21713098611403,5.179484941365681,395.4061114540091,373.251,32.26794497066065,95153.0,71.71918106079102,1171.109375,0.1640625,352d807dc44f99c08a11bbec5a606b59ec74d27906ab33c536c203370d152109
131072,512,unsloth_q4,nomtp,unsloth_q4-i131072-o512-nomtp-c8-screen,n8-r0,8,8,52.75,18.98,ram,156.45765743502764,5.215566725072937,785.3413091829862,746.4252,19.529529275077042,95253.0,71.56266784667969,1170.82421875,0.19140625,352d807dc44f99c08a11bbec5a606b59ec74d27906ab33c536c203370d152109
